auction	rent_returned_sol	closed_by	signature
Hw4DbtMajT4iTP1WTB6JrddrUffZRK4WCNzZYU9L79m	0.018328640	recovery run	5YdN7KdXG3XEeWR38sV6VWvKWwG5tf6V5aHnsbGsncabU4FxdWTBafhcZA5ijXL8R2HfKRmjY3oCsspsChFUqsW3
Ktbu8Tsahaypkw4LCcbT5b791THCH3H8xhtnCw2hAWb	0.018328640	recovery run	B1rqPp2XHbkeCDDRdSKeb7pxYEi5WGEYoGerJLyCLfFpdiaRpQohkAN4ymBtcRaHPMa72qCtWRsxeKFs5aqvT7Z
Q3WUSH97mkbUSdbAwF4R19PioorQyfbMhRGarcFtXQU	0.018328640	recovery run	3e9A4WrzCmCQyBhaMagRodWKHxoaENgqsddozRosdaETRQuMPaW3X9tLvnCbuTxssHvphQjFk7tzP7YjqvTfDVBQ
cPnUeP8W5XqTcikNCnBmnD9yZwdUNCYt1Mdk879Srf6	0.018328640	recovery run	3hsZkNJrwma82kgFzGxMYDzonBfN2FjtwY6wX4XgUsXFEsoP6zK7S1nU5EdM4Q56EG7oxeXFMoRZrVed8LhfJTvS
otivQFagQN7naVMwQasfobXnuD4vY1EE1DBxyu8ioc4	0.018328640	recovery run	4FPFwzLfCerMBuwm2Ge2PyRdXbqsTZYRPZk439UhRGPqPyysj277XFdW1yFuDwE7kmFCCBsJGp4oZppK2MNDUcea
wnBzJ6KxtKsU9KzNYSu4wwCNju8DCugUoih6eep7SeH	0.018328640	recovery run	5nrULSy34SUmXMpnkqEWiv8aWG4W115BwLmKaDhbWy6RMQkqtpRFNFeEwcerST8woeeqgr8ZDtnLEh438KUjyviH
2HPSVpJLybLW7V1kd6XN3j7DMDUUSd2XekyvH5RKErhZ	0.018328640	recovery run	4Dm6zPoXSMz94YSaF6E1uUEnqtWdBMMSZfqoaD8QpnB96eEuxZYYhV5ptTkAp39hLX4asaJpTLgmvKSaYrnbs9o
2HnnPmNbhwxBNLDkw4pxUv3xeyXgbCj25FREVrJ3KwfF	0.018328640	recovery run	61jSDTto3o28vEBFXqiNXp5ypVAYgpWttUn3ocm9tcu9vgCaPywo3YsNNHxTe9N6XfKPHLvqxgjoqq5WrN7kLgV8
2J4xRinj4uzvxu8uc5P7hjhtssLBWxHPtmz8LHrDHrrw	0.018328640	recovery run	5EjnTcyfnFqDaygHvgwqbL812RQJhWAbxPSnQck1dt2vrhJaNKMygDUjVj9YEP5usFt7T2wbCKcB74MgjtEcJPw2
2M5FuWyL7QMv13qcj738EKVNPrybrTvJKqE5JMi73yfM	0.018328640	recovery run	588T5XGdDW5nM3SPmgu4KX5EJVx3vGHdcY27ZwgrEshvusTPVDcxsBxDyXUnbR6xJLzjpFccaoN4xzfp77myDTqY
2R6LiTFWbV24PMTvrsj2vmuxSi7y8y6m8RTnyBWPAagd	0.018328640	recovery run	5w1evc6VDJevGSoBdKD2imp1ku2ZvaACNeHVoc66oaWH9qWxoLkgCVc6RMipKeQjWRsR4r4v3pp46EajteQLRwZg
2WFWSXQMFFKmbyz9Vxa2RyuHbp4S1MYKu6FBAYjRTuGc	0.018328640	recovery run	52829pPagdDYUY5iwurJNugBJDGKri4U1e2QwHdbcKsF8XmZymgXvY6kfozLz5BzvNuh3aBBhbu5y5Z28qDkPNm3
2X6Z5BAEKFcbYTk8qGGzwEeUJBtcNVwJvdHgAaYBbXEz	0.018328640	recovery run	U6oogtp67e53HfTstjeDstARY6xwRiVvyMWTVL7HFtbrJzNkGpqNQw21wFG84w733fbtMdCzedDWAueQcsigkuB
2u4jaGm9uNeMBEBMfSmjgyA3Tvtgdo79pa3qY3YQt1hX	0.018328640	recovery run	zYwpkos3yqGzeUqwzrdqZKGYLaXwbFdddpwFrPpXBL7ajqJhKBKStggznyecpvSPs5kQ4q75FRogEFs4ZJLfMXn
3Pk8G8P55FNVm66qUE2YioidFAWsMz7mqLEvSv5LEBcN	0.018328640	recovery run	4ciAUspQLtnmbN7jNffnUKkwK8CqGNHqmrpkWhs8JgwTPQ3QVQ8NQZ75JdTUXnBP6eTtuwfSamyFa61Kot5jvQfE
3UfWRavTqB6eYNqBHGwkG9pCRicvhJ77Bbe4vi8X4GkA	0.018328640	recovery run	5QMgfcGkyXRGAk1VzHjUkymCxKxYimfrqN15PcREYaVkTXZTJ1PNo7AVFshprCWSP2e8XU6kVnd2AgfJq4JcMJTG
3XJ7XZdnoXYjUsDmXqDDTWtgkqwFoRTWoKNXKdZ5Nv2z	0.018328640	railway keeper	5URYQTgKvzeomDGPBEMrL1EimtoV4gRsvCgGCSTsyRhTKe6ugXWUadLaegmC9KVkPCfe3xATTRfvAp5XkuunY1LF
3eSkea5SkQzHiSAtPaKsHPSj5yv9TAavA7iFRgqpbh96	0.018328640	recovery run	2VKpj3xA7ed9fqFuP95DhkQSvA3LLQRs7m6RCJzCgNUYopoo7fBh1gYUtxWrfpN3dXCfvASbYVF8315TReGEs23i
3eVHGUysQLDB6n99bwP2wrwMr7xvzjE32y5xoARhdj9z	0.018328640	recovery run	3zSNXcFtKUFBLwoEujZS4cpXv1y2UmTVDn6M3AdX6U3KQCoT87ASseBFrasTngH4PaQgsy9cGeB87vLYjqK1EcbR
3tigzc5RiMNUg3gMzhahoaziL3H2k9oFrsKMqRLGQ4Uo	0.018328640	recovery run	4pEXKwVh9ugZvam3bmBq5xPXqD8jeEBoAvDEKrkPyZXt2gU5Vu6QbjZbAfJQbtnx8GiNxw9eh8oLxb4Ncw6ZgGta
4CHECdvNPxD3a9QQ54z84eAyWTRthkGnx2BwfRMCkPS5	0.018328640	railway keeper	62Na16GHro8fcqVeK2DGwv6fwNSrETAd63B6fAhkEDVJ96K51BNTrDTTMf8vkdK7s8U594AEzusbqmnQoV2pFLos
4atChcL4xZ1NMgFatB9Dx2jhp9W1MhktW3mdqRZN44Cd	0.018328640	recovery run	4SGmF3hWi91vnMaytHdW1rw916FZNgypiAJoBk7BeVrs9iZAcjYYaWeJvQeKUNPGshBo4wJLjTP1XY8KEBUPB8n3
4iDof9VC2KPrZsvnHfaHR2HbmCbg416SUYoYYakVozEZ	0.018328640	recovery run	2nBh5fKkruoE9ssxwwX8mPeJTR5fhbYFxVxhNuV7XALfWB4JLLnh35yNtvHnQMw5kmdT5dHC36TksSBHWxjhmrUa
4m6xJb3rBwYJn6qGzvYAgLdrHrNMBhEKCCPavWdsL9B8	0.018328640	railway keeper	3eE3ywVKYwG7MS9UqAWjjm3nCFnk2GuxFVEAq7uWNwQriJh6FL6UBmvvJsYmsNbvhxNCiebFtbTyKg2J36M3Gzu1
55EMeBBp1NRcsKDrnDRUfNtpZJKNCY8QNX9Vi8HobSS4	0.018328640	recovery run	4d2Qs4u1VEgoCNB6PvD8yq7QVATRbDHzUGFHQhVdKXyrCXwc8eTG5m5hS2L6fGdxnKfTc7DWjsRqX8553NfWPxv9
55j6bc42h4VCSgFHpvEZqNbKETgz3vY6vGKQkpWsHKZY	0.018328640	recovery run	2BHM2npuYePR4bNBVQDXxYeSRtrY1cKvhqgNuw1U3iweueyGJvZeG7RxJBpHZniCmB4DUQDmqfK6y1zJqeaRCmtp
55wykXPvRRUeiigcarMC4QY2DQNKUo1M3YyQa44Wj323	0.018328640	recovery run	35nrdrPJxxZ44ndT5J8TDj6fG5ogjpgt9i8N73TcTM7te6CL42kfiP7Br5C8883K7xAaRKKuHBs6WcQUpTpyzKSJ
5KyDxz9za5Msm6p7JAL1xqsLnecAAKESSvLqCSBjJxRs	0.018328640	recovery run	4xGDFKPFwUFCEAH6w4yTJeDsML5gsyfADFkmdspwFwbHtedYV4gvKEQKSEFMJYVGCAc9YMY7Rp2KJ4u5f4mEwjtJ
5VfAnJBnEFuGyVvsVL3THLxwkMZaDmUAg9jiwfHA91n3	0.018328640	railway keeper	5gv2VkCWS6PiE3WwjqSFPdBzp7a1jA59r7j345fZGpiAaxWb8oe3XotNU2tiahkiXtSi3K4fy4SzMvQRpTRWoY8T
5dhXtQYgvFzyQjavDddpN8aQ9TTMdaexHko4D69L6UJH	0.018328640	recovery run	56BEmmMtjSxMhfMxJZRWWxYH4P3zrKQs2YmnjKQ8gTA1gQhBhENZknGnz1DVKVunZ5izpixSECWqhjaiBHdY8xHV
5eViRaZQQP2xKwHiqYKNnzjLZe3aHXu3oktVAd8hLsAo	0.018328640	railway keeper	2zr4mAY5P9YxKs2RtJZb5jtTryvkRxicY1iBjNGTcRetAzrNQ4BxKSGmKKsTciiNfdCQ5a2CPvUExCLM6xiXrEHm
5nVokf9BZjByAmpmUFSGUxxfr8brfvJxM1fkfzj7bVYj	0.018328640	recovery run	3KKxz8bHBV72AXNfYZAj7wVFpNWxmF8XCtsedDHPm61vDXTq4jHaikJz3Qp4eQotQqtdzFiqUEhuwWdyFQxuN5NA
5xw8fWJRP27www1L6ZMjbH9Dqds8CAtwjsTX9VbCwuPQ	0.018328640	recovery run	5yoj46qhyAr4d4ZFsYNo3NeG8L9Bf1WrPyksH98AauLR1ERzRGuy4k1Tmm75vyi8HPNUUnvUaGPMgYJwYEdaHynb
6CramN5k1Gbb3whoMs1eCeEaDS1C7bKsiF8eaKQufYrW	0.018328640	recovery run	2mvMsbRMSwBJXWRwYUPwQ4ekDsgkEPJXybFtQbnNfD4oWdxaX8q4sFMRFLKy6HnJ6Mmt298ExfLv8ZF2T4FynvCK
6DtB6pHXC7seqpmfhbvgAZrhTjMBRiJYnpVU9wmphc2F	0.018328640	railway keeper	4ePfiTJHMktf7J6upGXC5U4SyYacYSNnPmbXjshuVXFrz9CJogZR4U2oMFTVfgAkZcaPwErFefirbNtvjJXTHYaD
6FLJMiEEgj1n2T8x4evwtRs5UeBqGjyC7qQRRtfKbUa4	0.018328640	railway keeper	2d7QJSYtH3KQWkvqn3QSgvcNLmU14Ha83z49siBXRsMiAGWkzPw5ALkKD1czpAzrCXHLhkKxbXyaTHTnohypj3Kp
6GQtMewoYUDiLbnRHEKJKsiFU3MnaC6Mt8qcPYDYean6	0.018328640	railway keeper	3iiz5kxDRaQeHdqN2kMrgzm9zU2gtSPSsy364ePc71ZHvMcfVptkF359ZdFTjQHAtY48knLJFAcGiiUd3NGs46hA
6V7mGHjPHZZm4AHnM2aubtoYk1w9ieLDPYenxWMLRStv	0.018328640	recovery run	5CFbJHPvYqLyN7iry5t1zXWdUfb6wT4SvJFqPfjGtsnqbeqovgip4VzbiXYo1AyHjn5AYQjUMWFn75BZ6e1y4Ua6
6aepo3kFALs3CrKXpkVTPBjb1jugxeX6qswGCtutEnjL	0.018328640	recovery run	2AZAFnGBv2BT7NVc9AMUfn4V2TFogQyt8exGKiYcK5px5cPDVkHjJqS5wP41KeKGr5npu2R2tsrM275uVUxjZpMd
6bKzgKH9uFHZfdZSEDh3iSDZTzRHDjwQYXeTznYQ3vRJ	0.018328640	recovery run	39VziHAFV7qTXuUdBp9ywEzySMrwP62zKhXj7H8CU3EZ1zxgNQ9SBpLXLvvbSzMuK6R1QCGLhKReKTP9mAzBfdeX
6ctc94rBTYJcBF4oPCc3ZrKcPF5r92LMyXmT7d3d6E78	0.018328640	railway keeper	3oriYSGpymZfY1HsYjNVkrjSi3Z9B2eghpB9GfQpt1gPCa3dhLZdM2U7iY8TrrQfdFGvpUHKdBvUgBV1gjVBrnDt
6jry1eSbzwe6HX3fpDfuahMgx1LWaeASEqjuGjnDdDCV	0.018328640	recovery run	5d979RdtJK8f1CE273tL6gjrch2baR8psJ2YWyqrr91y3JZnVLrxqYSuxy9BXgKM69mSSKrnKiNRnsMiUK1pWMbJ
6v8Xa6DMGsH8s5V6HRbH77LRkyBszi1FhEf8eQe64age	0.018328640	railway keeper	3MwwRwoYkrr5GwU4PsMn7EAGzN6od8BvTqNCEu1Kjv57Ajs9Qsfz4gXHGX5ke3UPobLLMpRN8BzDuMRm9XfNjmSN
728yb8i2n4r4qYfMPigjvWC7ZqEZ8qJNDasN2emNeZr1	0.018328640	railway keeper	5L1ZvFJbkAdx3jjWqFJKKBPcMxV73vNdC3Nm5v4f54mXiBr62RCKrJ1u3XHRKbdAkhkDukxodWBjDgs3Lw9AbXga
7MHVh4LM8RHrxapnHQTT3AWCUA8NCUxJv23RJFUUVL2v	0.018328640	railway keeper	5DZKMUbYnYaNUx5JeLuGkogTNExaAQq9mmoQcS93ASwiufeCSuMJYfMfDbtgZ8wo6ZMEEyb6sLGvt92dySr7FxDX
7N2uHYmKkQNH65VpaiLABdQPwkdYmC6TDyjHwkEDndqJ	0.018328640	railway keeper	5Rvdg8itq5vrv7qbLbobwrHstRhvcJChCA5i9fcG7amiBwRHWHy3LEpVHQTvDmWGr6884qcCZptjHJAHBBTBepKt
7S28kBQZMW35z7KDhg29caf9a6GeXYtyLV5WtJmWx5Yb	0.018328640	recovery run	4oKFKPBehJMB7N2mPdHYvRvZKByjfEwD5SFakqxYysrLAMxN9T1rdXYHdAgNHWDCzpdvwSR8LPSudvj75198BGyz
7mojaDPCtCFf4zT5ywqi6NtTMZkN8YQFq5NQXBXzb4Cx	0.018328640	railway keeper	4GtVcak23BVWBBRGgU6UapgLkHyx7QwHK63wBx39Cw88kT4S3P5Co9jE2ZRG1B6PJ8Gj6PCC924BijvTw8bfv9w4
7tSHnZeRbUreekW8BeLRUxnaqxi2ejiid7dawnhnz96s	0.018328640	railway keeper	29n7sHk4PsxiK6ZGKHurH8Zk7c2dkMgspSZjctbHHMEdUjRbjgM1fbFVw5WWur2bh4Vp8NMrQs6TrbxsHtYWq1xg
8SeWZT34gRiowRNWhtYinj3kwatN7fV76xgfQVfSji29	0.018328640	recovery run	2mWXuk9v7CphKtvwW7ZtP9R8gGXA9NSh8CytD1PS5P4oQFnRc2tmz3USQRfDCpssBq2Hjy7rHQWozkWjrosN9krR
8XjufjCbQf36ZSxMPzv3K2uugvMBDWNDpEWsp7aY8mpi	0.018328640	railway keeper	Jb53D2anhcq557FjZcmeXpPp1pASib5gaZs1QTEmg6ET5nbejCGf9YWNvR7GYDNaBkzh3StwNF3eRykVNSpryHN
8hkv1SQxrkCgyJYLpFq7kSF5z6Jo41PBCKPH7xPdaRYH	0.018328640	railway keeper	3YiFSvAASDCHbyzeod1LfLKAN6JC6nAvRgowap38Z33KH6Z1RF6EGEig3ndRB6gJ124uEhbcsFmzFJEFZ1LUeRKz
8iytzkLDtu4dPKxk8CWkhUTdcAdGsBQ8VSXYZKYZFh52	0.018328640	railway keeper	5v9CRjuhgGLCvCmrCfV5C7nKCDJ12HHuqBodkGBfdnDZ9MF9XMDvaVEXB2sC14tBnYz1iciEpxt3CuSomWjvSaHL
8jDLerfufaxvWhLspBaQMX3FFuU5HxnD1CzfrYrZo3Rn	0.018328640	railway keeper	2pSxBpFQuoghjKYp6Kt3X1LesQ6Fan9oFwTnWTnEUhTA5bfnBYaiTavmWiCX9PqsTee4WfrrTrTj528Ycu6kbSuY
8ktokadwz987Zf8xzzpRi7GP8eDSSWL5h6qdFUv5fi6t	0.018328640	recovery run	5QgkS9dHU4i77imZ6FSKYBT66fVRhgnvv27zFgjXbuKCQfVYbfwxSVXD5TaiqN29CEryK4kqUvcb1DbjpyLNxqm3
8py5tYHKpQf8Ai6pxAp2dn4kx9XRkQVKYo3ARBtuB2U6	0.018328640	railway keeper	3aNCPHo4BbrvAL8zmXUfzn2p8ey3kdiTGeaTaYs4PeDmsk2ofyvW8UwVjgtj2X2dXvRmct7SN1xDxKSZM1rHbxdr
98ap2g2YPJ5mCU8gn765EwhVbEhgWtwoptRieZJCMa48	0.018328640	railway keeper	3kUUQY3ZruQL3JncGaGjhGYWZTHeARbm74yP2R3YVW2zWCf9dywkT1kqoLswt9SvXwvckCjKnw29hA9Ykr26VgsZ
9cj5aLWiJuTFnJVXybWnfz2GxTcYeHPeFVD7Cg2vgY5C	0.018328640	railway keeper	53mU94zmtsd3aBNbciNRYeRp2MBiwR7rosHNN2nZJHZSof4cj64JehBnRc6JmuMsaf6KRYUF33gCrNLbjxgLuUHp
9okvR3ZbzEkSLuVosuy8ZoA52FQzsY96WD6sbjvxZVN6	0.018328640	railway keeper	4JAUgbbkCS1SPeKyfNZn3dxkcj97CqCcYFkRUfTCH52D1JwYwy5rRoKGSytCx5x3XCoSVvQ4oooPNRvCYvCw3L5e
9rBSaGndZ48R5uD5p1AtATXVABBvzwJFydbdhWoWxBCZ	0.018328640	railway keeper	2vTEWT5U8EWqbD12kDuULLLAK4wTVgUuYswUfBGWwsEK3nhkYjGf2MELF19Xoogwo952M9NycAuhpzfdYA71DaTg
9wRnQmPUS7k6mya3GwDg7SmWjsahP2G5h7ceY6vgDX7g	0.018328640	railway keeper	3aSK2RRFpinwhEt8kgUCYwYH6b31AHUdQr8hj5aNExfuzfbYJ3BvdMz2LFuQfuuzdMva3TY6L4HP97jHQSAHz84J
A6uFj5ANPmyuj8ki9uDhSh1kHrn8a5cpszbc3DFEdgTJ	0.018328640	railway keeper	5vVDmP2JqjxBjEevHka9wBNStxS79JorKQfFKQ2yduvTD3ZDUaXngCBzUAWE8vSyXSMhV5sPBB16gwRAkzBJr2vo
AGPaykioyo5MyU6KccVzvDUizXCdGtTwRuHBRMQp4Zrm	0.018328640	railway keeper	3HZ9c9oRaFQVv5U6dJdMxtAhdoLRSzES1NWi1b1mnk3gTMZdrETktuXL3XaJwWRcXcMbiL662rrmET5DxM5mLgu9
Aey3SvHqQYaQQjJ4uEeE9Mu5FCdxN2v6Ry3fJcTYv8X7	0.018328640	railway keeper	4HVed5X1P1X8a4ThaKrtYeEU82E56kuGmZnEmEjYbmv2LSKVD1wFCrPFprGWM8MLXWCBje3REdymxu9zwFB156TF
Ah7eZ6s1d9QPqjwJwsrW1iun5D7BZfB8hJkgkDphT6Tz	0.018328640	railway keeper	2YxBzvqkM2RgujqgPEUQTriMmT3Z9XKPufvsEr9CuvadaPckP5qjGo5W4MpwoQKFKywZwLCMfDuVppCrA643jcfx
B1ChZVh19Bnr1JAY7mDWXUiDwSfsSFdKwpx7nWSc3Jny	0.018328640	railway keeper	4AVWGdjDLRobdwDCCTxfAvjoisAfzTsaZB6FcxHfhZZy6zKoWu5iefC2qVhZ141UrPTt82mLkxbjd6mcUUfPGNLE
BAPrSL9g3rdEZv2TwddZ1gxzd55C3WALzsHGx3Vi3VNU	0.018328640	railway keeper	2Aj48ayKapuinPtchbh36ZF1m1U5pw8n2YuiuyszXgWgv26hFFdd6nBgLQkyBmx8aq9nQoznhxFjh6dCTvwaX39x
BGLMDM45GP1JyjAo9Njsf178j68TTzFpapCBaPvL1SLC	0.018328640	railway keeper	2j5m1kJWmUBPj54SQGWzxovashwL6vaGEpKofSDwG7N1ih8JruMQbi1W4cS33Hi9YGW8AZKSXqRyRSWAM7xFaxVF
BNYPdrDK1QjpTwkmkta5nPopMSNaCP4oaqBBRxPDBcJ2	0.018328640	recovery run	3sKQ12KcUk2zjupy6R81FkzCANEqoaY9JhWvGQFuHP56xhgSshyAccGUJXDZauHLBMVnxzYjggkrUNWhLbGCnHCp
Bwm2SZHRp8fnSq3pDL8u9KrsmNcyDBXrZMzuUzU1CsY3	0.018328640	railway keeper	r7XYNvmfqKpra7LZUQK3ArMtqV5J1hHe8eFxapYVZ3uGHk2HKtS8a9EAu7SuC4CWcxCGVdFDLn2RmpHhU1ThvNx
BzLQwK7rCfkBYV3xZwkqkFEMtvQBRaQVSTs6cNu3zbbf	0.018328640	railway keeper	3L7FQu4adECnHeixwmTUueaUsJJDce7wi6aSVVc7tPHr4ZRCWHruuPMrvMwQTEZGXSAUqRLmAj8G3pz7uYsaYADY
C3ZU1nm8KGYqeN6LXEEjHMydFYZaskG25eWdMTHNPg5r	0.018328640	railway keeper	59bKESgcpy5LxAPyEuLXHG4HfsnmzoGHyj6K2mBTdpqDNCZWwkcYoNXVaJ5q5AyotiixDCaiQETkmgAKTtZZtFZK
C7rmXwYMbLGFmmmuz2H3wZvD1GHLtWNZuq1g86xvonYH	0.018328640	railway keeper	2kMCW6PfD9ZsUMpaiN9B8zGndXHF1ReTAT88KxooCnETgQ61R38EWUC8LGXfx6ZF6sYf9GkCVPLo5yMnwoVNZDmJ
CFE65h1LnPzaVqYwtDUP2BiX36N6aFCW3Swa51pvYE3H	0.018328640	railway keeper	3aVmc7GJvz2nCctSUEnABxbAT2VybPNYVdKkYcTEwfkisJ66ntt1dNuvYpxhAEk3G6Yqi4fWEy4e4X2rLmFnccRZ
CGa8PWL4QkViK7Nh38pKfxAGAwYNXnWCQzfGa8FpLZBw	0.018328640	railway keeper	4Mt1gqrX1bsqggvtcD1BeMizcueWKwnbZm5QqWAuLg4nyi2ie2kxBRY1bvYn6hnH2Xd8W2Gnm4j83wsktyNnm4wK
CSji1YWNvymqyBsBu7THgbKKQY7ErnNLeUAmgqSvXzvK	0.018328640	railway keeper	4vdhkabrRrzcVwYKtv7N45E4qo91eWBAQVoeptNjxbapMVUB3ujPCX4P1QZUJjZRjkMa5tgp9TVkqpxXEyPQiBec
CT3nYrh5P3ZLqSWHHLJT1ydahzTf6DFzWUWPiy9hGGYt	0.018328640	railway keeper	3SUXmxYhcGE8LzkoQhyWPF4yJMxTX7yNfJgEhwuymnusF6ZdWChEiHqR2q1ZzuUHZS1itJyu8oKyMJrKMRDcc7mB
CUrAevTgFbJxMMVRZTA7tXJg5QuUkQRzoT7w9jiCg6DW	0.018328640	railway keeper	3uNfvJeYMpnNo3TGC9HWmHM2K1PvjFfY8twE7Hc1s4YNsAepvLaqVNMzbbZ5eZrTQUrNVmrkjaeSpo5VhqRmZMx8
CcCWV7DQq9Hbbd25rnkLEnkY1L2Avhfe7FnPB9pP43DR	0.018328640	railway keeper	4LNd1BYBMMkS5NZYRJvVPv9Kom7cYLbty8wFxPBFFZESbXgRqsjCh2Y6iF5zXUvT9rtL2qGiefnCcL7xPoaex3SB
ChCY2vjsRRDwCHoPkonETCac2X4Qcam38tidanLmM3mB	0.018328640	railway keeper	4YWeiHqU2neuTAyKRwn2rdw9CuZmft18ArYrtYQ4n7AQ7m2Wk1RSZhP5Q1UcgFCfd2ogb2YP5rVxQRXZLte1Fjj5
CiZFtiPdKbM3X5qXDaDfH7adZus7zzTk6eum1gqe94Eh	0.018328640	railway keeper	56aohkSsEcd22iZF4ZRgsG7PgskezZ8XgJmahC8Xc9thPAJdroN3N1gSemRUREFz1qhMSWgF2DYFxVQN1feBKEmp
DDKZLjnsyRBSbv4kZeJHhrXawH91z5UEoc5Lnr56sGhp	0.018328640	railway keeper	62qtaoR2TFangYHYcKwCV3dCUT7jVKv6MdiXFg1vmYWekkViQFyYerS2MotXYEqvuqytVwudpqS9jpg8UjaKp5iJ
DQecE5Z3bRhYKp8QJ1zgcqTnk8XWjAQFxa1smtDoxxVs	0.018328640	railway keeper	644FfE93CDhm2YX47MUSHNic9dtaQCJ99PBbsjCfe9RsXVpBpD9VGhDv8aiDjGyKaLzkKYn9inp1stG3pPyTjyP4
DWULaSrtqb3Qzyp2oDGAm6P6x39AwZVobvh7GuxNSb9s	0.018328640	recovery run	4vm4h7eqgYeXrYa1exzUEju4mw9ay7Rm92xXTYsjbbbcXjUdVfShmjfarGeJHN6p4vYfGb5siHBZ6EuHPxJqqWmR
DWytrbMh9oFyjBHp1UpJPd23CFsJ2aeawzv5uEnpuVMm	0.018328640	railway keeper	2tsScoaoezfSvD6ir9pL36ZqZDBAH8sGvrSW9P25t62PCKMY6Z45PYhHfatc9ydJ9y7QoqqgKTPQV67tUkHt4p7d
DaVHQeYEAKHB1yMqQLbE5wnDqhqQ9R1h41jRMUvro3f8	0.018328640	recovery run	3uQcpSsvWqQ2Uk7DuQYqArUQMkze4rLpwy9R9FL7xwevf4AmT1boudjLNsGPMv86tWPn6G6Rg31tsgXUmk69vss5
DaxYxQsSYFBr11fckW6gewNmaBkzDLMWL8XiDwDaL2VG	0.018328640	railway keeper	5LG5roxBLSKLLcx12aJPsqkxGTpVyi7XgVTLNyNbwLysgWLDFWWQu9GioMEfphpDxyfdwe5dUxFxFQuydcUJL4Xg
DdakXswWMfMYertCXrKSnBhLMgMSHC8WMvSSst7fxkao	0.018328640	recovery run	3swqrHi7GApjLRGgjvj4FmDc2gzdpaupgsJZvh2PvyuDPpFBsuBjNuKby8S7piZ2SW5uvN9Jc9uoq5Yn9XzzWVNd
EGb1FBEUM5SsbdHkr4MN5pBxD6fGU1VifdJS6tWidymg	0.018328640	railway keeper	wET7HQEXJpVjGgf7E4w4rcvviBT8FMMr7yTEpCgjrKxRfobEJjHVF1nqq3sJvxHDwwsNMVmx7XN9d37QMsi8bbg
EPMJC6mxfj796qvbQLjggWrYvmTUSnxJ3WLk6ANPE6DF	0.018328640	recovery run	AwaqXJLYtfFoGJq9cfwQh38wFiF1jF8m3akJGz1XDH1yR5NZgApw3tm5hcHdGEVVC6MBRvdby3Sqb8DhhT9CcjX
EZnERubZtD6P4weTzcTGRX6X7CBjg7DS1niEAPDrdsmg	0.018328640	recovery run	5Cey1yxsYopEidfEsGSqHJjkVuGx7EES9HvBsHiWddnnU2AodxYktwWucLJcgtuh4HQNbBwxN1QTAF8E5cs8fG7j
EekyTLjCQiANByRFCshurC1FDZLDuW8MzRyAEENvmNTT	0.018328640	recovery run	q4CyxPBvULNtbJdX9bgijXaHzcLTjun96p1HXXoGNtg42CsJEhXBrv9q2vsuknXmHEBo3aRn5UutNZJK6RXzp7A
EfLJqd4Bryi3oK8gRzheR31EvFYjbfC3cV84Fea9oMbj	0.018328640	railway keeper	4JQq8ujoKCxZG4iFFh2ksoPMVW5qVkqB2Q4UZSn9ofSCRUKPwjoHUZjBLcjd1dMun1X4zmYJrV543MdRwywH7g9C
EfTn2M19gxgGqZwdEQwJ5CRSNyJDRS1YKjDNp5VzR7Pe	0.018328640	recovery run	37KhX76aJuSoQaYDaQifNECDU5og4kGnhHErA66MQbWkyN2sziNQAmKuJgN51Hex3z5t3CzfuGJpimfm1juL38j8
EoJeD98qRoZa5ok3fMmpV9945QtYHN6rDTZE51xCRE4Y	0.018328640	recovery run	5R1GPUehyHNqpQPKcWrvSLGCFELHfAzf67WAYsw6i96jLfVVuuKdCogLFKJntYiGbB6CNk8eYLbLAtYeiLrFQhqq
EqCiMqSb1EnZMUJLMbSAvn8URMrQVwVo9JBqeWFi4ctt	0.018328640	recovery run	3fWgf1u33mQ4EboFAGaG8psN9xx94g9UjiornfASw1Zgw2eaC8PhbCNDS6SbR4xU1np4k9oiWMwWxkWtUQDu6aRt
EshsSco9kt4RVDF692qm41Q9sLEXaXusf4WpTghWRoCN	0.018328640	recovery run	rsLWJHLvY9TaN6NQaSuqP6oqiM1Qj1KkQJYfopUhnrc4xe6VWkHipn8pvDfhfQY3mdKAeB7WqVMnPMuvPD4vCGU
F51z7ddX4kpnc7Ppo3XurH51R6vzWXDtfbstV8rH7Phe	0.018328640	recovery run	4ogrwCkezJ89xyn8eBLuqF2Lt5pHVkP8d6hoeB9CQFLew3FUGzizBoH8xgqvi2wZfco5MYnVsTFJVXnQMChKpjDo
FESy1fLfZrgE5fnsh6LRpenbkkbBCtZyDsDWSMQ71cVD	0.018328640	recovery run	3u9eMQ7CFTBZwGZzKnp34491NxdGPNMBHTtfiMPp6eYszNdudd3hfzCNLjXzykytiQQYWiN47rU96KYJNBaSweUT
FHAS2s7ouy3g4xai4L2MJGTPaQZH1QbHkvxcu7zKBph3	0.018328640	recovery run	437n1RLX6KErP1F2fdgjEFk2aEoCayzJYgmjTCfbWVjJjDBYKV2erGw7Hqvm97kdvWpMvn6GTmqwNc7SoLU1R1au
FK2cUnCGatpmBMxdA2ymPnNwkTkFYWRkYNd6DeiLvyzn	0.018328640	recovery run	ryGE9tnsbHzE5T55BzLeSJ1Pw5nrUdNh9P2GcSc9wErgSPgQ44jmbxypfH691XWVCUHcELYeUJCAJ9MZp4gySMo
FVbgx8BCLE1KAov97V6WdAyqFATg3VKU5JEzSnqDvjNV	0.018328640	recovery run	Wo9sHazrmoay16v8sjZhSJ3GLwxuUkKq8S8Qg94mLmkKEvsuyjwPycBw6zQhnT3nGyt8mjNdHj65Kt3PxMGiLbL
FWmpuBcEMrRB1Tuy15RF3U9QZZByeABozzaPybqBgheQ	0.018328640	recovery run	5thHnmcsyYhM1jJdKVAXKRWjpiKE41sBxUTqsgxGGFMNcthh17t65GG3o9ez9vf9RVTqhgDKfcgDy3urerPxFDFG
FqTj7ZBUJ57KDBzQS4WfQeX2tXg3WMJhzGbJxKHNo5TT	0.018328640	recovery run	5dchjByEnear14WBzLcbb8T5vUsStZiJsVYhRQLpN8jK9rdVsRgG3qmkYkWzT6kY5hL8KRPkkmWG4pGqBK3jWaRJ
FsTmqm2rQcu6GMzCmAUgpTUeUSu9Wz6VeupZEdMVz8pX	0.018328640	recovery run	3U2fgBA3wtPCnQc6WedBssDVoqtA3aqVeeXHAGeWKLRpUiDfEsti4VbWvyjqzuYQWHVViyh8TZ4SgwuUHBNTDKb
FtZty9MVmejs7w833Wv8UZKavjeymhSuZ6MeENrhPuQr	0.018328640	railway keeper	61aYmBFKbLgkndmtQeg3uFRiquqhT7dQfHJ2iDy7veS698Cfwr77BVH5bJybLysMpAoZkZuQauDBSSkEUhN2uVBB
FzdvJ6BAhKVFdd3rdo8i74H65Zh9hiHVTwgCDCRHZqCB	0.018328640	railway keeper	2RxCRbEx9rRC8Wzbbu4C1W25RG6wMxfc5bq8XpLsKiz9m3cuN2HHwT81c4LcoH3MJEUYEbjHEb91jyZroB4TL3u7
G3EbzKE51orCNiJUTc5JJMVGyK1iHz4acVbjdiYfhz4Y	0.018328640	recovery run	532Wrypo92Au9nXDCWDnZFxzqpcsJhgqzEnK9CcFGUPY2bdUC2pmAuuRtLmQLWXew8zyjVYrad4DTa6UMMbCppzx
GVyN5dpMk2DFSrRDLjek83Skt6HFmzWbJDh7eZyyZWfs	0.018328640	railway keeper	2SRqYGNtujKSkJZXuJYqhr4BfP3yBvnLAMzLCjo14aVZUBzpLtTYJoBbD9w7czPnZ8tqymGE2hZwq2Wk8UzaqnUn
GdtrJZGFQ9L9GYGTwPQCBoEQw142wGZdXBfiUQNTFjmW	0.018328640	recovery run	4iH8Fnx1ENFweKJb8hiC6E1csY9fw4M3yWewMY67Sz3bAXVzJZc4rJ8jNTLmup4ppq7NXYgpGB1Fr17sxLrQsjqe
H63yyqzsgvramMssn2Pfq9CZq72yYpLPHDJZEu7hMf5X	0.018328640	recovery run	29FpFarzMNWkJcjJCuE4MZ7zzaQ8BVKSrWFhPjejWxkCC4ZzFe8um9zHErpjUo1842HKTwoC2cW3JRyuamB1FX4j
H8QdLVq9hV142BHXy5S9PcTgDcEM29oTr5VxeNry6s8y	0.018328640	recovery run	4Axf6A6AKda3uNfUweJS2AtG71UuFZWK8gjJLYpuzJRuj1JsZ4AViN5qUjEkG3vqhrvbAfgESukMTB5396VFbf4N
HAw5GomBkLanoXFLQemAEtTBYbp2g5pYrLS2rTgV1gxA	0.018328640	recovery run	kjdqdCbot77tujeP8GkszSYPPxto7d3fZQ6DQnGo9vQLfhLVgQqFbAKNj6qxGBANChPAZ9RfhTLzHtJUpHiX92n
HJvsnzxF6cS8yxFVKAn8jVGDPLh3PNVTtNrd66UDY78P	0.018328640	recovery run	RP71Lc9LDEYD1txHTUxq7an6T8Z5mdv7x8B5ccbRDCyhDErXobe3DLMWeCNshEdgDQWZBpbZcNir8xwjNgAo2a6
HcJSidmTEMHVZ84qzUxyJSbttVugQwQghM7NBsHYx6p8	0.018328640	recovery run	eagkWKviwYEMQKgSrMznDJKbHRJEQpCNzG37fgFBMBpnacNQwzS3YUvkPrpZk6aJHbVcwgkxsocewiF76U8jjPB
HctaMjWsUeJT7uapX2tTDqhsv3dwpdBt5Nj9e9Za8vgT	0.018328640	recovery run	4Sy2WqzLJpC5n5PBNfa6tDfZzbD7UzD2hn4SKjwC4p4hhhwpr3DP9tkL8hqdA8mUzdTxH4hu96HqJwpyPM3vqPSy
Hg8XkejZVgYMHy98JwwJe63FwxxGEaKvRMLzS9MyDJ6C	0.018328640	recovery run	2cUpx8cPEoqNNzAxrV3sWX9oE9wWitFXttw3EugP9wUMV73SCS5UiM11cWjvHKadcz85Lwcgn8SjG6Sh9A7odQdW
JCYMt5foSiZW1SSY8AHSz4nSnTa326To3X4u8oF5XQYC	0.018328640	recovery run	MUb13ZqcBFPWQKRj3jdutJqBffUb3g39srKdwZkF5rPHu8zScZ1YzpwkDaJM3ryftf43zhzib26LgYMSGpfBV3Q
786Tk7VfbzVMJJCbNM28UgaGZzEtXD6NrZmpiVjxGBrq	0.018328640	recovery run	313jH7zVgvYWeEgKx94j2YyU6s59wQ8tgQx9mPMtACooVK5tpNCGsF5h5XV6gsi5oYwrmkihYwGos1cH52rLWGUt
AFJtw3n2c9XABkaQN7ccxhyb8QHAGQJQsocTCXo8wtKq	0.018328640	recovery run	4r127fgHpKCu9sBH1LvGNVHXrS2Xr4mA2FaL38NozDpFzTnBXKJR7RVPTAPFGctCNPemGvU2Qm11LCYuLWxUbmCs
